Device_id,Model ID,Task ID,Stream ID,Name,Type,OP State,Accelerator Core,Start Time(us),Duration(us),Wait Time(us),Block Num,Mix Block Num,HF32 Eligible,Input Shapes,Input Data Types,Input Formats,Output Shapes,Output Data Types,Output Formats,Context ID,aicore_time(us),aic_total_cycles,aic_mac_time(us),aic_mac_ratio,aic_scalar_time(us),aic_scalar_ratio,aic_mte1_time(us),aic_mte1_ratio,aic_mte2_time(us),aic_mte2_ratio,aic_fixpipe_time(us),aic_fixpipe_ratio,aic_icache_miss_rate,aiv_time(us),aiv_total_cycles,aiv_vec_time(us),aiv_vec_ratio,aiv_scalar_time(us),aiv_scalar_ratio,aiv_mte2_time(us),aiv_mte2_ratio,aiv_mte3_time(us),aiv_mte3_ratio,aiv_icache_miss_rate,cube_utilization(%)
0,49,0,12,aclnnClampMin_ClipByValueV2AiCore_ClipByValueV2,ClipByValueV2,static,AI_VECTOR_CORE,1789008936895812.451	,2.300,0,1,0,NO,"""8;;""",INT32;INT32;INT32,ND;ND;ND,"""8""",INT32,ND,N/A,0.0,0,0.0,0.0,0.0,0.0,0.0,0.0,0.0,0.0,0.0,0.0,0.0,1.733,2859,0.132,0.076,0.568,0.328,0.377,0.218,0.126,0.073,0.181,0.000
0,4294967295,1,12,_Z17ComputeFAMetadataPv,_Z17ComputeFAMetadataPv,N/A,AI_CPU,1789008936895814.771	,50.788,0.000000,0,0,N/A,N/A,N/A,N/A,N/A,N/A,N/A,N/A,N/A,N/A,N/A,N/A,N/A,N/A,N/A,N/A,N/A,N/A,N/A,N/A,N/A,N/A,N/A,N/A,N/A,N/A,N/A,N/A,N/A,N/A,N/A,N/A,N/A
0,49,2,12,aclnnInplaceFillScalar_FillAiCore_Fill,Fill,static,AI_VECTOR_CORE,1789008936895865.599	,1.301,0.000000,1,0,NO,"""2;""",INT64;FLOAT,ND;ND,"""32,32""",FLOAT,ND,N/A,0.0,0,0.0,0.0,0.0,0.0,0.0,0.0,0.0,0.0,0.0,0.0,0.0,0.742,1225,0.04,0.054,0.184,0.247,0.108,0.145,0.133,0.179,0.214,0.000
0,4294967295,3,12,_ZN9SplitFuse7FAInferIu6__bf16u6__bf16fLb1ELN12KernelCommon8FaiKenel8MaskTypeE0ELNS2_11inputLayoutE1ELN7Catlass8Epilogue8LseModeTE1ELb0EEEvmPhS8_S8_S8_S8_S8_S8_S8_S8_S8_S8_S8_S8_,_ZN9SplitFuse7FAInferIu6__bf16u6__bf16fLb1ELN12KernelCommon8FaiKenel8MaskTypeE0ELNS2_11inputLayoutE1ELN7Catlass8Epilogue8LseModeTE1ELb0EEEvmPhS8_S8_S8_S8_S8_S8_S8_S8_S8_S8_S8_S8_,N/A,MIX_AIC,1789008936895868.020	,75.592,1.199000,0,0,N/A,N/A,N/A,N/A,N/A,N/A,N/A,0,0.0,2098403,0.0,0.117,0.0,0.617,0.0,0.353,0.0,0.664,0.0,0.211,0.014,0.0,0,0.0,0.0,0.0,0.0,0.0,0.0,0.0,0.0,0.0,84.120
0,49,4,12,aclnnInplaceFillScalar_FillAiCore_Fill,Fill,static,AI_VECTOR_CORE,1789008936895944.652	,1.400,1.158000,1,0,NO,"""2;""",INT64;FLOAT,ND;ND,"""32,32""",FLOAT,ND,N/A,0.0,0,0.0,0.0,0.0,0.0,0.0,0.0,0.0,0.0,0.0,0.0,0.0,0.842,1389,0.04,0.048,0.271,0.322,0.107,0.127,0.145,0.172,0.214,0.000
0,4294967295,5,12,_ZN9SplitFuse7FAInferIu6__bf16u6__bf16fLb1ELN12KernelCommon8FaiKenel8MaskTypeE0ELNS2_11inputLayoutE1ELN7Catlass8Epilogue8LseModeTE1ELb0EEEvmPhS8_S8_S8_S8_S8_S8_S8_S8_S8_S8_S8_S8_,_ZN9SplitFuse7FAInferIu6__bf16u6__bf16fLb1ELN12KernelCommon8FaiKenel8MaskTypeE0ELNS2_11inputLayoutE1ELN7Catlass8Epilogue8LseModeTE1ELb0EEEvmPhS8_S8_S8_S8_S8_S8_S8_S8_S8_S8_S8_S8_,N/A,MIX_AIC,1789008936895947.132	,72.212,1.100000,0,0,N/A,N/A,N/A,N/A,N/A,N/A,N/A,0,0.0,1985796,0.0,0.124,0.0,0.714,0.0,0.373,0.0,0.791,0.0,0.228,0.0,0.0,0,0.0,0.0,0.0,0.0,0.0,0.0,0.0,0.0,0.0,83.332
0,49,6,12,aclnnInplaceFillScalar_FillAiCore_Fill,Fill,static,AI_VECTOR_CORE,1789008936896020.024	,1.460,0.538000,1,0,NO,"""2;""",INT64;FLOAT,ND;ND,"""32,32""",FLOAT,ND,N/A,0.0,0,0.0,0.0,0.0,0.0,0.0,0.0,0.0,0.0,0.0,0.0,0.0,0.895,1477,0.04,0.045,0.273,0.305,0.108,0.121,0.144,0.161,0.194,0.000
0,4294967295,7,12,_ZN9SplitFuse7FAInferIu6__bf16u6__bf16fLb1ELN12KernelCommon8FaiKenel8MaskTypeE0ELNS2_11inputLayoutE1ELN7Catlass8Epilogue8LseModeTE1ELb0EEEvmPhS8_S8_S8_S8_S8_S8_S8_S8_S8_S8_S8_S8_,_ZN9SplitFuse7FAInferIu6__bf16u6__bf16fLb1ELN12KernelCommon8FaiKenel8MaskTypeE0ELNS2_11inputLayoutE1ELN7Catlass8Epilogue8LseModeTE1ELb0EEEvmPhS8_S8_S8_S8_S8_S8_S8_S8_S8_S8_S8_S8_,N/A,MIX_AIC,1789008936896022.504	,70.412,1.040000,0,0,N/A,N/A,N/A,N/A,N/A,N/A,N/A,0,0.0,1935102,0.0,0.127,0.0,0.712,0.0,0.385,0.0,0.779,0.0,0.219,0.0,0.0,0,0.0,0.0,0.0,0.0,0.0,0.0,0.0,0.0,0.0,83.280
0,49,8,12,aclnnInplaceFillScalar_FillAiCore_Fill,Fill,static,AI_VECTOR_CORE,1789008936896093.576	,1.460,0.588000,1,0,NO,"""2;""",INT64;FLOAT,ND;ND,"""32,32""",FLOAT,ND,N/A,0.0,0,0.0,0.0,0.0,0.0,0.0,0.0,0.0,0.0,0.0,0.0,0.0,0.888,1465,0.04,0.045,0.268,0.302,0.107,0.12,0.147,0.165,0.194,0.000
0,4294967295,9,12,_ZN9SplitFuse7FAInferIu6__bf16u6__bf16fLb1ELN12KernelCommon8FaiKenel8MaskTypeE0ELNS2_11inputLayoutE1ELN7Catlass8Epilogue8LseModeTE1ELb0EEEvmPhS8_S8_S8_S8_S8_S8_S8_S8_S8_S8_S8_S8_,_ZN9SplitFuse7FAInferIu6__bf16u6__bf16fLb1ELN12KernelCommon8FaiKenel8MaskTypeE0ELNS2_11inputLayoutE1ELN7Catlass8Epilogue8LseModeTE1ELb0EEEvmPhS8_S8_S8_S8_S8_S8_S8_S8_S8_S8_S8_S8_,N/A,MIX_AIC,1789008936896096.036	,72.812,1.040000,0,0,N/A,N/A,N/A,N/A,N/A,N/A,N/A,0,0.0,2027553,0.0,0.122,0.0,0.7,0.0,0.364,0.0,0.79,0.0,0.225,0.0,0.0,0,0.0,0.0,0.0,0.0,0.0,0.0,0.0,0.0,0.0,84.383
0,49,10,12,aclnnInplaceFillScalar_FillAiCore_Fill,Fill,static,AI_VECTOR_CORE,1789008936896169.588	,1.480,0.688000,1,0,NO,"""2;""",INT64;FLOAT,ND;ND,"""32,32""",FLOAT,ND,N/A,0.0,0,0.0,0.0,0.0,0.0,0.0,0.0,0.0,0.0,0.0,0.0,0.0,0.874,1442,0.04,0.046,0.268,0.307,0.105,0.12,0.148,0.17,0.197,0.000
0,4294967295,11,12,_ZN9SplitFuse7FAInferIu6__bf16u6__bf16fLb1ELN12KernelCommon8FaiKenel8MaskTypeE0ELNS2_11inputLayoutE1ELN7Catlass8Epilogue8LseModeTE1ELb0EEEvmPhS8_S8_S8_S8_S8_S8_S8_S8_S8_S8_S8_S8_,_ZN9SplitFuse7FAInferIu6__bf16u6__bf16fLb1ELN12KernelCommon8FaiKenel8MaskTypeE0ELNS2_11inputLayoutE1ELN7Catlass8Epilogue8LseModeTE1ELb0EEEvmPhS8_S8_S8_S8_S8_S8_S8_S8_S8_S8_S8_S8_,N/A,MIX_AIC,1789008936896172.088	,71.892,1.020000,0,0,N/A,N/A,N/A,N/A,N/A,N/A,N/A,0,0.0,1992031,0.0,0.124,0.0,0.709,0.0,0.371,0.0,0.79,0.0,0.225,0.0,0.0,0,0.0,0.0,0.0,0.0,0.0,0.0,0.0,0.0,0.0,83.966
0,49,0,12,aclnnClampMin_ClipByValueV2AiCore_ClipByValueV2,ClipByValueV2,static,AI_VECTOR_CORE,1789008936896248.561	,2.260,4.608000,1,0,NO,"""8;;""",INT32;INT32;INT32,ND;ND;ND,"""8""",INT32,ND,N/A,0.0,0,0.0,0.0,0.0,0.0,0.0,0.0,0.0,0.0,0.0,0.0,0.0,1.659,2737,0.132,0.08,0.541,0.326,0.329,0.198,0.128,0.077,0.185,0.000
0,4294967295,1,12,_Z17ComputeFAMetadataPv,_Z17ComputeFAMetadataPv,N/A,AI_CPU,1789008936896250.841	,28.264,0.000000,0,0,N/A,N/A,N/A,N/A,N/A,N/A,N/A,N/A,N/A,N/A,N/A,N/A,N/A,N/A,N/A,N/A,N/A,N/A,N/A,N/A,N/A,N/A,N/A,N/A,N/A,N/A,N/A,N/A,N/A,N/A,N/A,N/A,N/A
0,49,2,12,aclnnInplaceFillScalar_FillAiCore_Fill,Fill,static,AI_VECTOR_CORE,1789008936896279.125	,1.341,0.000000,1,0,NO,"""2;""",INT64;FLOAT,ND;ND,"""32,32""",FLOAT,ND,N/A,0.0,0,0.0,0.0,0.0,0.0,0.0,0.0,0.0,0.0,0.0,0.0,0.0,0.854,1409,0.04,0.047,0.202,0.236,0.128,0.15,0.147,0.172,0.197,0.000
0,4294967295,3,12,_ZN9SplitFuse7FAInferIu6__bf16u6__bf16fLb1ELN12KernelCommon8FaiKenel8MaskTypeE0ELNS2_11inputLayoutE1ELN7Catlass8Epilogue8LseModeTE1ELb0EEEvmPhS8_S8_S8_S8_S8_S8_S8_S8_S8_S8_S8_S8_,_ZN9SplitFuse7FAInferIu6__bf16u6__bf16fLb1ELN12KernelCommon8FaiKenel8MaskTypeE0ELNS2_11inputLayoutE1ELN7Catlass8Epilogue8LseModeTE1ELb0EEEvmPhS8_S8_S8_S8_S8_S8_S8_S8_S8_S8_S8_S8_,N/A,MIX_AIC,1789008936896281.346	,73.872,0.909000,0,0,N/A,N/A,N/A,N/A,N/A,N/A,N/A,0,0.0,2048214,0.0,0.12,0.0,0.622,0.0,0.364,0.0,0.659,0.0,0.211,0.014,0.0,0,0.0,0.0,0.0,0.0,0.0,0.0,0.0,0.0,0.0,84.020
0,49,4,12,aclnnInplaceFillScalar_FillAiCore_Fill,Fill,static,AI_VECTOR_CORE,1789008936896356.158	,1.460,1.128000,1,0,NO,"""2;""",INT64;FLOAT,ND;ND,"""32,32""",FLOAT,ND,N/A,0.0,0,0.0,0.0,0.0,0.0,0.0,0.0,0.0,0.0,0.0,0.0,0.0,0.961,1585,0.04,0.042,0.299,0.311,0.123,0.128,0.159,0.165,0.197,0.000
0,4294967295,5,12,_ZN9SplitFuse7FAInferIu6__bf16u6__bf16fLb1ELN12KernelCommon8FaiKenel8MaskTypeE0ELNS2_11inputLayoutE1ELN7Catlass8Epilogue8LseModeTE1ELb0EEEvmPhS8_S8_S8_S8_S8_S8_S8_S8_S8_S8_S8_S8_,_ZN9SplitFuse7FAInferIu6__bf16u6__bf16fLb1ELN12KernelCommon8FaiKenel8MaskTypeE0ELNS2_11inputLayoutE1ELN7Catlass8Epilogue8LseModeTE1ELb0EEEvmPhS8_S8_S8_S8_S8_S8_S8_S8_S8_S8_S8_S8_,N/A,MIX_AIC,1789008936896358.658	,70.912,1.040000,0,0,N/A,N/A,N/A,N/A,N/A,N/A,N/A,0,0.0,1957583,0.0,0.126,0.0,0.715,0.0,0.379,0.0,0.783,0.0,0.225,0.0,0.0,0,0.0,0.0,0.0,0.0,0.0,0.0,0.0,0.0,0.0,83.654
0,49,6,12,aclnnInplaceFillScalar_FillAiCore_Fill,Fill,static,AI_VECTOR_CORE,1789008936896430.490	,1.380,0.838000,1,0,NO,"""2;""",INT64;FLOAT,ND;ND,"""32,32""",FLOAT,ND,N/A,0.0,0,0.0,0.0,0.0,0.0,0.0,0.0,0.0,0.0,0.0,0.0,0.0,0.88,1452,0.04,0.045,0.283,0.322,0.113,0.128,0.148,0.168,0.197,0.000
0,4294967295,7,12,_ZN9SplitFuse7FAInferIu6__bf16u6__bf16fLb1ELN12KernelCommon8FaiKenel8MaskTypeE0ELNS2_11inputLayoutE1ELN7Catlass8Epilogue8LseModeTE1ELb0EEEvmPhS8_S8_S8_S8_S8_S8_S8_S8_S8_S8_S8_S8_,_ZN9SplitFuse7FAInferIu6__bf16u6__bf16fLb1ELN12KernelCommon8FaiKenel8MaskTypeE0ELNS2_11inputLayoutE1ELN7Catlass8Epilogue8LseModeTE1ELb0EEEvmPhS8_S8_S8_S8_S8_S8_S8_S8_S8_S8_S8_S8_,N/A,MIX_AIC,1789008936896432.970	,71.111,1.120000,0,0,N/A,N/A,N/A,N/A,N/A,N/A,N/A,0,0.0,1952704,0.0,0.126,0.0,0.717,0.0,0.38,0.0,0.78,0.0,0.229,0.0,0.0,0,0.0,0.0,0.0,0.0,0.0,0.0,0.0,0.0,0.0,83.212
0,49,8,12,aclnnInplaceFillScalar_FillAiCore_Fill,Fill,static,AI_VECTOR_CORE,1789008936896505.302	,1.320,1.139000,1,0,NO,"""2;""",INT64;FLOAT,ND;ND,"""32,32""",FLOAT,ND,N/A,0.0,0,0.0,0.0,0.0,0.0,0.0,0.0,0.0,0.0,0.0,0.0,0.0,0.825,1361,0.04,0.048,0.266,0.323,0.104,0.126,0.151,0.183,0.214,0.000
0,4294967295,9,12,_ZN9SplitFuse7FAInferIu6__bf16u6__bf16fLb1ELN12KernelCommon8FaiKenel8MaskTypeE0ELNS2_11inputLayoutE1ELN7Catlass8Epilogue8LseModeTE1ELb0EEEvmPhS8_S8_S8_S8_S8_S8_S8_S8_S8_S8_S8_S8_,_ZN9SplitFuse7FAInferIu6__bf16u6__bf16fLb1ELN12KernelCommon8FaiKenel8MaskTypeE0ELNS2_11inputLayoutE1ELN7Catlass8Epilogue8LseModeTE1ELb0EEEvmPhS8_S8_S8_S8_S8_S8_S8_S8_S8_S8_S8_S8_,N/A,MIX_AIC,1789008936896507.782	,71.271,1.180000,0,0,N/A,N/A,N/A,N/A,N/A,N/A,N/A,0,0.0,1972890,0.0,0.125,0.0,0.712,0.0,0.376,0.0,0.782,0.0,0.217,0.0,0.0,0,0.0,0.0,0.0,0.0,0.0,0.0,0.0,0.0,0.0,83.883
0,49,10,12,aclnnInplaceFillScalar_FillAiCore_Fill,Fill,static,AI_VECTOR_CORE,1789008936896580.174	,1.340,1.229000,1,0,NO,"""2;""",INT64;FLOAT,ND;ND,"""32,32""",FLOAT,ND,N/A,0.0,0,0.0,0.0,0.0,0.0,0.0,0.0,0.0,0.0,0.0,0.0,0.0,0.824,1359,0.04,0.049,0.279,0.339,0.11,0.134,0.148,0.18,0.214,0.000
0,4294967295,11,12,_ZN9SplitFuse7FAInferIu6__bf16u6__bf16fLb1ELN12KernelCommon8FaiKenel8MaskTypeE0ELNS2_11inputLayoutE1ELN7Catlass8Epilogue8LseModeTE1ELb0EEEvmPhS8_S8_S8_S8_S8_S8_S8_S8_S8_S8_S8_S8_,_ZN9SplitFuse7FAInferIu6__bf16u6__bf16fLb1ELN12KernelCommon8FaiKenel8MaskTypeE0ELNS2_11inputLayoutE1ELN7Catlass8Epilogue8LseModeTE1ELb0EEEvmPhS8_S8_S8_S8_S8_S8_S8_S8_S8_S8_S8_S8_,N/A,MIX_AIC,1789008936896582.634	,72.952,1.160000,0,0,N/A,N/A,N/A,N/A,N/A,N/A,N/A,0,0.0,2016369,0.0,0.122,0.0,0.71,0.0,0.367,0.0,0.787,0.0,0.225,0.0,0.0,0,0.0,0.0,0.0,0.0,0.0,0.0,0.0,0.0,0.0,83.757
0,49,0,12,aclnnClampMin_ClipByValueV2AiCore_ClipByValueV2,ClipByValueV2,static,AI_VECTOR_CORE,1789008936896659.806	,2.021,4.048000,1,0,NO,"""8;;""",INT32;INT32;INT32,ND;ND;ND,"""8""",INT32,ND,N/A,0.0,0,0.0,0.0,0.0,0.0,0.0,0.0,0.0,0.0,0.0,0.0,0.0,1.518,2505,0.132,0.087,0.507,0.334,0.292,0.192,0.108,0.071,0.185,0.000
0,4294967295,1,12,_Z17ComputeFAMetadataPv,_Z17ComputeFAMetadataPv,N/A,AI_CPU,1789008936896661.847	,29.344,0.000000,0,0,N/A,N/A,N/A,N/A,N/A,N/A,N/A,N/A,N/A,N/A,N/A,N/A,N/A,N/A,N/A,N/A,N/A,N/A,N/A,N/A,N/A,N/A,N/A,N/A,N/A,N/A,N/A,N/A,N/A,N/A,N/A,N/A,N/A
0,49,2,12,aclnnInplaceFillScalar_FillAiCore_Fill,Fill,static,AI_VECTOR_CORE,1789008936896691.231	,1.261,0.156000,1,0,NO,"""2;""",INT64;FLOAT,ND;ND,"""32,32""",FLOAT,ND,N/A,0.0,0,0.0,0.0,0.0,0.0,0.0,0.0,0.0,0.0,0.0,0.0,0.0,0.741,1223,0.04,0.054,0.171,0.231,0.098,0.132,0.142,0.191,0.197,0.000
0,4294967295,3,12,_ZN9SplitFuse7FAInferIu6__bf16u6__bf16fLb1ELN12KernelCommon8FaiKenel8MaskTypeE0ELNS2_11inputLayoutE1ELN7Catlass8Epilogue8LseModeTE1ELb0EEEvmPhS8_S8_S8_S8_S8_S8_S8_S8_S8_S8_S8_S8_,_ZN9SplitFuse7FAInferIu6__bf16u6__bf16fLb1ELN12KernelCommon8FaiKenel8MaskTypeE0ELNS2_11inputLayoutE1ELN7Catlass8Epilogue8LseModeTE1ELb0EEEvmPhS8_S8_S8_S8_S8_S8_S8_S8_S8_S8_S8_S8_,N/A,MIX_AIC,1789008936896693.752	,73.872,1.239000,0,0,N/A,N/A,N/A,N/A,N/A,N/A,N/A,0,0.0,2066598,0.0,0.119,0.0,0.624,0.0,0.36,0.0,0.659,0.0,0.207,0.014,0.0,0,0.0,0.0,0.0,0.0,0.0,0.0,0.0,0.0,0.0,84.774
0,49,4,12,aclnnInplaceFillScalar_FillAiCore_Fill,Fill,static,AI_VECTOR_CORE,1789008936896768.544	,1.400,0.878000,1,0,NO,"""2;""",INT64;FLOAT,ND;ND,"""32,32""",FLOAT,ND,N/A,0.0,0,0.0,0.0,0.0,0.0,0.0,0.0,0.0,0.0,0.0,0.0,0.0,0.867,1431,0.04,0.046,0.275,0.317,0.11,0.126,0.152,0.175,0.197,0.000
0,4294967295,5,12,_ZN9SplitFuse7FAInferIu6__bf16u6__bf16fLb1ELN12KernelCommon8FaiKenel8MaskTypeE0ELNS2_11inputLayoutE1ELN7Catlass8Epilogue8LseModeTE1ELb0EEEvmPhS8_S8_S8_S8_S8_S8_S8_S8_S8_S8_S8_S8_,_ZN9SplitFuse7FAInferIu6__bf16u6__bf16fLb1ELN12KernelCommon8FaiKenel8MaskTypeE0ELNS2_11inputLayoutE1ELN7Catlass8Epilogue8LseModeTE1ELb0EEEvmPhS8_S8_S8_S8_S8_S8_S8_S8_S8_S8_S8_S8_,N/A,MIX_AIC,1789008936896771.024	,72.392,1.100000,0,0,N/A,N/A,N/A,N/A,N/A,N/A,N/A,0,0.0,2012477,0.0,0.122,0.0,0.71,0.0,0.368,0.0,0.79,0.0,0.227,0.0,0.0,0,0.0,0.0,0.0,0.0,0.0,0.0,0.0,0.0,0.0,84.242
0,49,6,12,aclnnInplaceFillScalar_FillAiCore_Fill,Fill,static,AI_VECTOR_CORE,1789008936896844.096	,1.300,0.608000,1,0,NO,"""2;""",INT64;FLOAT,ND;ND,"""32,32""",FLOAT,ND,N/A,0.0,0,0.0,0.0,0.0,0.0,0.0,0.0,0.0,0.0,0.0,0.0,0.0,0.759,1253,0.04,0.053,0.242,0.319,0.095,0.125,0.155,0.204,0.214,0.000
0,4294967295,7,12,_ZN9SplitFuse7FAInferIu6__bf16u6__bf16fLb1ELN12KernelCommon8FaiKenel8MaskTypeE0ELNS2_11inputLayoutE1ELN7Catlass8Epilogue8LseModeTE1ELb0EEEvmPhS8_S8_S8_S8_S8_S8_S8_S8_S8_S8_S8_S8_,_ZN9SplitFuse7FAInferIu6__bf16u6__bf16fLb1ELN12KernelCommon8FaiKenel8MaskTypeE0ELNS2_11inputLayoutE1ELN7Catlass8Epilogue8LseModeTE1ELb0EEEvmPhS8_S8_S8_S8_S8_S8_S8_S8_S8_S8_S8_S8_,N/A,MIX_AIC,1789008936896846.576	,70.412,1.200000,0,0,N/A,N/A,N/A,N/A,N/A,N/A,N/A,0,0.0,1941539,0.0,0.127,0.0,0.716,0.0,0.382,0.0,0.778,0.0,0.217,0.0,0.0,0,0.0,0.0,0.0,0.0,0.0,0.0,0.0,0.0,0.0,83.558
0,49,8,12,aclnnInplaceFillScalar_FillAiCore_Fill,Fill,static,AI_VECTOR_CORE,1789008936896917.748	,1.420,0.838000,1,0,NO,"""2;""",INT64;FLOAT,ND;ND,"""32,32""",FLOAT,ND,N/A,0.0,0,0.0,0.0,0.0,0.0,0.0,0.0,0.0,0.0,0.0,0.0,0.0,0.887,1464,0.04,0.045,0.304,0.343,0.124,0.139,0.156,0.176,0.197,0.000
0,4294967295,9,12,_ZN9SplitFuse7FAInferIu6__bf16u6__bf16fLb1ELN12KernelCommon8FaiKenel8MaskTypeE0ELNS2_11inputLayoutE1ELN7Catlass8Epilogue8LseModeTE1ELb0EEEvmPhS8_S8_S8_S8_S8_S8_S8_S8_S8_S8_S8_S8_,_ZN9SplitFuse7FAInferIu6__bf16u6__bf16fLb1ELN12KernelCommon8FaiKenel8MaskTypeE0ELNS2_11inputLayoutE1ELN7Catlass8Epilogue8LseModeTE1ELb0EEEvmPhS8_S8_S8_S8_S8_S8_S8_S8_S8_S8_S8_S8_,N/A,MIX_AIC,1789008936896920.228	,72.632,1.080000,0,0,N/A,N/A,N/A,N/A,N/A,N/A,N/A,0,0.0,1993268,0.0,0.124,0.0,0.704,0.0,0.371,0.0,0.786,0.0,0.215,0.0,0.0,0,0.0,0.0,0.0,0.0,0.0,0.0,0.0,0.0,0.0,83.162
0,49,10,12,aclnnInplaceFillScalar_FillAiCore_Fill,Fill,static,AI_VECTOR_CORE,1789008936896993.780	,1.420,0.868000,1,0,NO,"""2;""",INT64;FLOAT,ND;ND,"""32,32""",FLOAT,ND,N/A,0.0,0,0.0,0.0,0.0,0.0,0.0,0.0,0.0,0.0,0.0,0.0,0.0,0.864,1425,0.04,0.046,0.278,0.321,0.11,0.128,0.161,0.187,0.197,0.000
0,4294967295,11,12,_ZN9SplitFuse7FAInferIu6__bf16u6__bf16fLb1ELN12KernelCommon8FaiKenel8MaskTypeE0ELNS2_11inputLayoutE1ELN7Catlass8Epilogue8LseModeTE1ELb0EEEvmPhS8_S8_S8_S8_S8_S8_S8_S8_S8_S8_S8_S8_,_ZN9SplitFuse7FAInferIu6__bf16u6__bf16fLb1ELN12KernelCommon8FaiKenel8MaskTypeE0ELNS2_11inputLayoutE1ELN7Catlass8Epilogue8LseModeTE1ELb0EEEvmPhS8_S8_S8_S8_S8_S8_S8_S8_S8_S8_S8_S8_,N/A,MIX_AIC,1789008936896996.260	,73.672,1.080000,0,0,N/A,N/A,N/A,N/A,N/A,N/A,N/A,0,0.0,2040385,0.0,0.121,0.0,0.705,0.0,0.362,0.0,0.791,0.0,0.225,0.0,0.0,0,0.0,0.0,0.0,0.0,0.0,0.0,0.0,0.0,0.0,83.926
0,49,0,12,aclnnClampMin_ClipByValueV2AiCore_ClipByValueV2,ClipByValueV2,static,AI_VECTOR_CORE,1789008936897074.573	,2.040,4.578000,1,0,NO,"""8;;""",INT32;INT32;INT32,ND;ND;ND,"""8""",INT32,ND,N/A,0.0,0,0.0,0.0,0.0,0.0,0.0,0.0,0.0,0.0,0.0,0.0,0.0,1.472,2429,0.132,0.09,0.505,0.343,0.281,0.191,0.096,0.065,0.185,0.000
0,4294967295,1,12,_Z17ComputeFAMetadataPv,_Z17ComputeFAMetadataPv,N/A,AI_CPU,1789008936897076.633	,42.807,0.210000,0,0,N/A,N/A,N/A,N/A,N/A,N/A,N/A,N/A,N/A,N/A,N/A,N/A,N/A,N/A,N/A,N/A,N/A,N/A,N/A,N/A,N/A,N/A,N/A,N/A,N/A,N/A,N/A,N/A,N/A,N/A,N/A,N/A,N/A
0,49,2,12,aclnnInplaceFillScalar_FillAiCore_Fill,Fill,static,AI_VECTOR_CORE,1789008936897119.460	,1.260,0.000000,1,0,NO,"""2;""",INT64;FLOAT,ND;ND,"""32,32""",FLOAT,ND,N/A,0.0,0,0.0,0.0,0.0,0.0,0.0,0.0,0.0,0.0,0.0,0.0,0.0,0.69,1138,0.04,0.058,0.15,0.218,0.077,0.112,0.158,0.229,0.194,0.000
0,4294967295,3,12,_ZN9SplitFuse7FAInferIu6__bf16u6__bf16fLb1ELN12KernelCommon8FaiKenel8MaskTypeE0ELNS2_11inputLayoutE1ELN7Catlass8Epilogue8LseModeTE1ELb0EEEvmPhS8_S8_S8_S8_S8_S8_S8_S8_S8_S8_S8_S8_,_ZN9SplitFuse7FAInferIu6__bf16u6__bf16fLb1ELN12KernelCommon8FaiKenel8MaskTypeE0ELNS2_11inputLayoutE1ELN7Catlass8Epilogue8LseModeTE1ELb0EEEvmPhS8_S8_S8_S8_S8_S8_S8_S8_S8_S8_S8_S8_,N/A,MIX_AIC,1789008936897121.680	,74.592,0.990000,0,0,N/A,N/A,N/A,N/A,N/A,N/A,N/A,0,0.0,2072343,0.0,0.119,0.0,0.622,0.0,0.36,0.0,0.661,0.0,0.211,0.014,0.0,0,0.0,0.0,0.0,0.0,0.0,0.0,0.0,0.0,0.0,84.189
0,49,4,12,aclnnInplaceFillScalar_FillAiCore_Fill,Fill,static,AI_VECTOR_CORE,1789008936897197.052	,1.401,0.658000,1,0,NO,"""2;""",INT64;FLOAT,ND;ND,"""32,32""",FLOAT,ND,N/A,0.0,0,0.0,0.0,0.0,0.0,0.0,0.0,0.0,0.0,0.0,0.0,0.0,0.818,1349,0.04,0.049,0.247,0.302,0.096,0.117,0.17,0.208,0.197,0.000
0,4294967295,5,12,_ZN9SplitFuse7FAInferIu6__bf16u6__bf16fLb1ELN12KernelCommon8FaiKenel8MaskTypeE0ELNS2_11inputLayoutE1ELN7Catlass8Epilogue8LseModeTE1ELb0EEEvmPhS8_S8_S8_S8_S8_S8_S8_S8_S8_S8_S8_S8_,_ZN9SplitFuse7FAInferIu6__bf16u6__bf16fLb1ELN12KernelCommon8FaiKenel8MaskTypeE0ELNS2_11inputLayoutE1ELN7Catlass8Epilogue8LseModeTE1ELb0EEEvmPhS8_S8_S8_S8_S8_S8_S8_S8_S8_S8_S8_S8_,N/A,MIX_AIC,1789008936897199.533	,72.271,1.099000,0,0,N/A,N/A,N/A,N/A,N/A,N/A,N/A,0,0.0,2002291,0.0,0.123,0.0,0.721,0.0,0.369,0.0,0.785,0.0,0.237,0.0,0.0,0,0.0,0.0,0.0,0.0,0.0,0.0,0.0,0.0,0.0,83.956
0,49,6,12,aclnnInplaceFillScalar_FillAiCore_Fill,Fill,static,AI_VECTOR_CORE,1789008936897272.504	,1.381,0.729000,1,0,NO,"""2;""",INT64;FLOAT,ND;ND,"""32,32""",FLOAT,ND,N/A,0.0,0,0.0,0.0,0.0,0.0,0.0,0.0,0.0,0.0,0.0,0.0,0.0,0.896,1478,0.04,0.045,0.287,0.32,0.116,0.129,0.151,0.168,0.197,0.000
0,4294967295,7,12,_ZN9SplitFuse7FAInferIu6__bf16u6__bf16fLb1ELN12KernelCommon8FaiKenel8MaskTypeE0ELNS2_11inputLayoutE1ELN7Catlass8Epilogue8LseModeTE1ELb0EEEvmPhS8_S8_S8_S8_S8_S8_S8_S8_S8_S8_S8_S8_,_ZN9SplitFuse7FAInferIu6__bf16u6__bf16fLb1ELN12KernelCommon8FaiKenel8MaskTypeE0ELNS2_11inputLayoutE1ELN7Catlass8Epilogue8LseModeTE1ELb0EEEvmPhS8_S8_S8_S8_S8_S8_S8_S8_S8_S8_S8_S8_,N/A,MIX_AIC,1789008936897274.985	,72.831,1.119000,0,0,N/A,N/A,N/A,N/A,N/A,N/A,N/A,0,0.0,2048833,0.0,0.12,0.0,0.704,0.0,0.36,0.0,0.791,0.0,0.227,0.0,0.0,0,0.0,0.0,0.0,0.0,0.0,0.0,0.0,0.0,0.0,85.246
0,49,8,12,aclnnInplaceFillScalar_FillAiCore_Fill,Fill,static,AI_VECTOR_CORE,1789008936897348.597	,1.300,0.669000,1,0,NO,"""2;""",INT64;FLOAT,ND;ND,"""32,32""",FLOAT,ND,N/A,0.0,0,0.0,0.0,0.0,0.0,0.0,0.0,0.0,0.0,0.0,0.0,0.0,0.845,1394,0.04,0.047,0.25,0.296,0.097,0.115,0.153,0.181,0.197,0.000
0,4294967295,9,12,_ZN9SplitFuse7FAInferIu6__bf16u6__bf16fLb1ELN12KernelCommon8FaiKenel8MaskTypeE0ELNS2_11inputLayoutE1ELN7Catlass8Epilogue8LseModeTE1ELb0EEEvmPhS8_S8_S8_S8_S8_S8_S8_S8_S8_S8_S8_S8_,_ZN9SplitFuse7FAInferIu6__bf16u6__bf16fLb1ELN12KernelCommon8FaiKenel8MaskTypeE0ELNS2_11inputLayoutE1ELN7Catlass8Epilogue8LseModeTE1ELb0EEEvmPhS8_S8_S8_S8_S8_S8_S8_S8_S8_S8_S8_S8_,N/A,MIX_AIC,1789008936897351.097	,73.152,1.200000,0,0,N/A,N/A,N/A,N/A,N/A,N/A,N/A,0,0.0,2030145,0.0,0.121,0.0,0.704,0.0,0.364,0.0,0.789,0.0,0.223,0.0,0.0,0,0.0,0.0,0.0,0.0,0.0,0.0,0.0,0.0,0.0,84.098
0,49,10,12,aclnnInplaceFillScalar_FillAiCore_Fill,Fill,static,AI_VECTOR_CORE,1789008936897425.289	,1.320,1.098000,1,0,NO,"""2;""",INT64;FLOAT,ND;ND,"""32,32""",FLOAT,ND,N/A,0.0,0,0.0,0.0,0.0,0.0,0.0,0.0,0.0,0.0,0.0,0.0,0.0,0.843,1391,0.04,0.047,0.267,0.316,0.104,0.124,0.147,0.174,0.197,0.000
0,4294967295,11,12,_ZN9SplitFuse7FAInferIu6__bf16u6__bf16fLb1ELN12KernelCommon8FaiKenel8MaskTypeE0ELNS2_11inputLayoutE1ELN7Catlass8Epilogue8LseModeTE1ELb0EEEvmPhS8_S8_S8_S8_S8_S8_S8_S8_S8_S8_S8_S8_,_ZN9SplitFuse7FAInferIu6__bf16u6__bf16fLb1ELN12KernelCommon8FaiKenel8MaskTypeE0ELNS2_11inputLayoutE1ELN7Catlass8Epilogue8LseModeTE1ELb0EEEvmPhS8_S8_S8_S8_S8_S8_S8_S8_S8_S8_S8_S8_,N/A,MIX_AIC,1789008936897427.769	,73.432,1.180000,0,0,N/A,N/A,N/A,N/A,N/A,N/A,N/A,0,0.0,2068382,0.0,0.119,0.0,0.701,0.0,0.357,0.0,0.792,0.0,0.227,0.0,0.0,0,0.0,0.0,0.0,0.0,0.0,0.0,0.0,0.0,0.0,85.355
0,49,0,12,aclnnClampMin_ClipByValueV2AiCore_ClipByValueV2,ClipByValueV2,static,AI_VECTOR_CORE,1789008936897505.322	,2.060,4.068000,1,0,NO,"""8;;""",INT32;INT32;INT32,ND;ND;ND,"""8""",INT32,ND,N/A,0.0,0,0.0,0.0,0.0,0.0,0.0,0.0,0.0,0.0,0.0,0.0,0.0,1.552,2561,0.132,0.085,0.517,0.333,0.306,0.197,0.118,0.076,0.185,0.000
0,4294967295,1,12,_Z17ComputeFAMetadataPv,_Z17ComputeFAMetadataPv,N/A,AI_CPU,1789008936897507.402	,45.867,0.190000,0,0,N/A,N/A,N/A,N/A,N/A,N/A,N/A,N/A,N/A,N/A,N/A,N/A,N/A,N/A,N/A,N/A,N/A,N/A,N/A,N/A,N/A,N/A,N/A,N/A,N/A,N/A,N/A,N/A,N/A,N/A,N/A,N/A,N/A
0,49,2,12,aclnnInplaceFillScalar_FillAiCore_Fill,Fill,static,AI_VECTOR_CORE,1789008936897553.309	,1.241,0.000000,1,0,NO,"""2;""",INT64;FLOAT,ND;ND,"""32,32""",FLOAT,ND,N/A,0.0,0,0.0,0.0,0.0,0.0,0.0,0.0,0.0,0.0,0.0,0.0,0.0,0.715,1179,0.04,0.056,0.162,0.226,0.089,0.125,0.145,0.204,0.197,0.000
0,4294967295,3,12,_ZN9SplitFuse7FAInferIu6__bf16u6__bf16fLb1ELN12KernelCommon8FaiKenel8MaskTypeE0ELNS2_11inputLayoutE1ELN7Catlass8Epilogue8LseModeTE1ELb0EEEvmPhS8_S8_S8_S8_S8_S8_S8_S8_S8_S8_S8_S8_,_ZN9SplitFuse7FAInferIu6__bf16u6__bf16fLb1ELN12KernelCommon8FaiKenel8MaskTypeE0ELNS2_11inputLayoutE1ELN7Catlass8Epilogue8LseModeTE1ELb0EEEvmPhS8_S8_S8_S8_S8_S8_S8_S8_S8_S8_S8_S8_,N/A,MIX_AIC,1789008936897555.490	,77.512,1.009000,0,0,N/A,N/A,N/A,N/A,N/A,N/A,N/A,0,0.0,2151634,0.0,0.115,0.0,0.626,0.0,0.343,0.0,0.671,0.0,0.219,0.014,0.0,0,0.0,0.0,0.0,0.0,0.0,0.0,0.0,0.0,0.0,84.117
0,49,4,12,aclnnInplaceFillScalar_FillAiCore_Fill,Fill,static,AI_VECTOR_CORE,1789008936897633.942	,1.340,0.988000,1,0,NO,"""2;""",INT64;FLOAT,ND;ND,"""32,32""",FLOAT,ND,N/A,0.0,0,0.0,0.0,0.0,0.0,0.0,0.0,0.0,0.0,0.0,0.0,0.0,0.808,1334,0.04,0.049,0.265,0.328,0.103,0.127,0.156,0.193,0.214,0.000
0,4294967295,5,12,_ZN9SplitFuse7FAInferIu6__bf16u6__bf16fLb1ELN12KernelCommon8FaiKenel8MaskTypeE0ELNS2_11inputLayoutE1ELN7Catlass8Epilogue8LseModeTE1ELb0EEEvmPhS8_S8_S8_S8_S8_S8_S8_S8_S8_S8_S8_S8_,_ZN9SplitFuse7FAInferIu6__bf16u6__bf16fLb1ELN12KernelCommon8FaiKenel8MaskTypeE0ELNS2_11inputLayoutE1ELN7Catlass8Epilogue8LseModeTE1ELb0EEEvmPhS8_S8_S8_S8_S8_S8_S8_S8_S8_S8_S8_S8_,N/A,MIX_AIC,1789008936897636.423	,72.171,1.160000,0,0,N/A,N/A,N/A,N/A,N/A,N/A,N/A,0,0.0,1984068,0.0,0.124,0.0,0.711,0.0,0.374,0.0,0.784,0.0,0.232,0.0,0.0,0,0.0,0.0,0.0,0.0,0.0,0.0,0.0,0.0,0.0,83.307
0,49,6,12,aclnnInplaceFillScalar_FillAiCore_Fill,Fill,static,AI_VECTOR_CORE,1789008936897709.374	,1.441,0.579000,1,0,NO,"""2;""",INT64;FLOAT,ND;ND,"""32,32""",FLOAT,ND,N/A,0.0,0,0.0,0.0,0.0,0.0,0.0,0.0,0.0,0.0,0.0,0.0,0.0,0.949,1566,0.04,0.042,0.304,0.32,0.123,0.13,0.153,0.162,0.197,0.000
0,4294967295,7,12,_ZN9SplitFuse7FAInferIu6__bf16u6__bf16fLb1ELN12KernelCommon8FaiKenel8MaskTypeE0ELNS2_11inputLayoutE1ELN7Catlass8Epilogue8LseModeTE1ELb0EEEvmPhS8_S8_S8_S8_S8_S8_S8_S8_S8_S8_S8_S8_,_ZN9SplitFuse7FAInferIu6__bf16u6__bf16fLb1ELN12KernelCommon8FaiKenel8MaskTypeE0ELNS2_11inputLayoutE1ELN7Catlass8Epilogue8LseModeTE1ELb0EEEvmPhS8_S8_S8_S8_S8_S8_S8_S8_S8_S8_S8_S8_,N/A,MIX_AIC,1789008936897711.855	,73.071,1.059000,0,0,N/A,N/A,N/A,N/A,N/A,N/A,N/A,0,0.0,2023775,0.0,0.122,0.0,0.698,0.0,0.365,0.0,0.797,0.0,0.217,0.0,0.0,0,0.0,0.0,0.0,0.0,0.0,0.0,0.0,0.0,0.0,83.927
0,49,8,12,aclnnInplaceFillScalar_FillAiCore_Fill,Fill,static,AI_VECTOR_CORE,1789008936897786.127	,1.340,1.429000,1,0,NO,"""2;""",INT64;FLOAT,ND;ND,"""32,32""",FLOAT,ND,N/A,0.0,0,0.0,0.0,0.0,0.0,0.0,0.0,0.0,0.0,0.0,0.0,0.0,0.821,1355,0.04,0.049,0.238,0.289,0.09,0.11,0.154,0.187,0.214,0.000
0,4294967295,9,12,_ZN9SplitFuse7FAInferIu6__bf16u6__bf16fLb1ELN12KernelCommon8FaiKenel8MaskTypeE0ELNS2_11inputLayoutE1ELN7Catlass8Epilogue8LseModeTE1ELb0EEEvmPhS8_S8_S8_S8_S8_S8_S8_S8_S8_S8_S8_S8_,_ZN9SplitFuse7FAInferIu6__bf16u6__bf16fLb1ELN12KernelCommon8FaiKenel8MaskTypeE0ELNS2_11inputLayoutE1ELN7Catlass8Epilogue8LseModeTE1ELb0EEEvmPhS8_S8_S8_S8_S8_S8_S8_S8_S8_S8_S8_S8_,N/A,MIX_AIC,1789008936897788.607	,73.092,0.910000,0,0,N/A,N/A,N/A,N/A,N/A,N/A,N/A,0,0.0,2029727,0.0,0.121,0.0,0.705,0.0,0.365,0.0,0.787,0.0,0.219,0.0,0.0,0,0.0,0.0,0.0,0.0,0.0,0.0,0.0,0.0,0.0,84.150
0,49,10,12,aclnnInplaceFillScalar_FillAiCore_Fill,Fill,static,AI_VECTOR_CORE,1789008936897862.779	,1.360,1.158000,1,0,NO,"""2;""",INT64;FLOAT,ND;ND,"""32,32""",FLOAT,ND,N/A,0.0,0,0.0,0.0,0.0,0.0,0.0,0.0,0.0,0.0,0.0,0.0,0.0,0.847,1398,0.04,0.047,0.253,0.298,0.098,0.115,0.147,0.173,0.197,0.000
0,4294967295,11,12,_ZN9SplitFuse7FAInferIu6__bf16u6__bf16fLb1ELN12KernelCommon8FaiKenel8MaskTypeE0ELNS2_11inputLayoutE1ELN7Catlass8Epilogue8LseModeTE1ELb0EEEvmPhS8_S8_S8_S8_S8_S8_S8_S8_S8_S8_S8_S8_,_ZN9SplitFuse7FAInferIu6__bf16u6__bf16fLb1ELN12KernelCommon8FaiKenel8MaskTypeE0ELNS2_11inputLayoutE1ELN7Catlass8Epilogue8LseModeTE1ELb0EEEvmPhS8_S8_S8_S8_S8_S8_S8_S8_S8_S8_S8_S8_,N/A,MIX_AIC,1789008936897865.259	,73.312,1.140000,0,0,N/A,N/A,N/A,N/A,N/A,N/A,N/A,0,0.0,2038771,0.0,0.121,0.0,0.708,0.0,0.363,0.0,0.788,0.0,0.218,0.0,0.0,0,0.0,0.0,0.0,0.0,0.0,0.0,0.0,0.0,0.0,84.271
